1a14,H,L,N
1a2y,B,A,C
1a3r,H,L,P
1acy,H,L,P
1adq,H,L,A
1afv,H,L,A
1ahw,E,D,F
1ai1,H,L,P
1ar1,C,D,B
1bgx,H,L,T
1bj1,H,L,W
1bog,B,A,C
1bql,H,L,Y
1bvk,E,D,F
1c08,B,A,C
1ce1,H,L,P
1cfn,B,A,C
1cfs,B,A,C
1cft,B,A,C
1cu4,H,L,P
1cz8,Y,X,V
1dee,F,E,H
1dqj,B,A,C
1dzb,A,a,X
1e4w,H,L,P
1e4x,H,L,P
1e6j,H,L,P
1egj,H,L,A
1ejo,H,L,P
1eo8,H,L,A
1ezv,X,Y,E
1f3r,b,B,A
1f58,H,L,P
1f90,H,L,E
1fbi,H,L,X
1fdl,H,L,Y
1fe8,H,L,A
1fj1,B,A,F
1fns,H,L,A
1fpt,H,L,P
1frg,H,L,P
1fsk,F,E,D
1g7h,B,A,C
1g7i,B,A,C
1g7j,B,A,C
1g7l,B,A,C
1g7m,B,A,C
1g9m,H,L,G
1g9n,H,L,G
1gc1,H,L,G
1ggi,H,L,P
1h0d,B,A,C
1hez,B,A,E
1hh6,B,A,C
1hh9,B,A,C
1hi6,B,A,C
1him,L,H,P
1hin,H,L,P
1hys,D,C,B
1i8i,B,A,C
1i8k,B,A,C
1i9r,K,M,B
1ic4,H,L,Y
1ic5,H,L,Y
1ic7,H,L,Y
1ifh,H,L,P
1ikf,H,L,C
1iqd,B,A,C
1j1o,H,L,Y
1j1p,H,L,Y
1j1x,H,L,Y
1j5o,H,L,B
1jhl,H,L,A
1jp5,a,A,C
1jps,H,L,T
1jrh,H,L,I
1k4c,A,B,C
1k4d,A,B,C
1kb9,J,K,E
1kc5,H,L,P
1kcr,H,L,P
1kcs,H,L,P
1ken,H,L,A
1kip,B,A,C
1kiq,B,A,C
1kir,B,A,C
1ktr,H,L,P
1kyo,J,K,E
1lk3,I,M,B
1mhp,X,Y,B
1mlc,B,A,E
1mpa,H,L,P
1mvu,B,A,P
1n0x,K,M,R
1n5y,H,L,B
1n64,H,L,P
1n6q,H,L,B
1n8z,B,A,C
1nak,H,L,P
1nby,B,A,C
1nbz,B,A,C
1nca,H,L,N
1ncb,H,L,N
1ncc,H,L,N
1ncd,H,L,N
1ndg,B,A,C
1ndm,B,A,C
1nfd,H,G,D
1nl0,H,L,G
1nma,H,L,N
1nmb,H,L,N
1nmc,H,L,N
1nsn,H,L,S
1oak,H,L,A
1oaz,H,L,A
1ob1,B,A,C
1orq,B,A,C
1ors,B,A,C
1osp,H,L,O
1ots,E,F,B
1ott,C,D,A
1otu,E,F,B
1p2c,B,A,C
1p4b,H,L,P
1p84,J,K,E
1pkq,B,A,E
1pz5,B,A,C
1q1j,I,M,Q
1qfu,H,L,A
1qfw,I,M,B
1qkz,H,L,P
1qle,H,L,B
1qnz,H,L,P
1r0a,H,L,B
1r3i,H,L,C
1r3j,B,A,C
1r3k,B,A,C
1r3l,B,A,C
1rjl,B,A,C
1rzj,H,L,G
1rzk,H,L,G
1s5h,B,A,C
1s78,F,E,B
1sm3,H,L,P
1svz,a,A,C
1sy6,H,L,A
1t03,H,L,B
1tet,H,L,P
1tjg,H,L,P
1tjh,H,L,P
1tji,H,L,P
1tpx,B,C,A
1tqb,B,C,A
1tqc,B,C,A
1tzg,I,M,Q
1tzh,B,A,W
1tzi,B,A,V
1u8h,B,A,C
1u8i,B,A,C
1u8j,B,A,C
1u8k,B,A,C
1u8l,B,A,C
1u8m,B,A,C
1u8n,B,A,C
1u8o,B,A,C
1u8p,B,A,C
1u8q,B,A,C
1u91,B,A,C
1u92,B,A,C
1u93,B,A,C
1u95,B,A,C
1ua6,H,L,Y
1uac,H,L,Y
1uj3,B,A,C
1uwx,H,L,P
1v7m,I,M,X
1v7n,J,N,Y
1vfb,B,A,C
1wej,H,L,F
1xcq,H,G,S
1xf5,D,C,Q
1xgp,B,A,C
1xgq,B,A,C
1xgr,B,A,C
1xgt,B,A,C
1xgu,B,A,C
1xgy,H,L,P
1yjd,H,L,C
1ymh,D,C,F
1ynt,D,C,G
1yqv,H,L,Y
1yy9,D,C,A
1yyl,H,L,G
1yym,H,L,G
1z3g,I,M,B
1za3,H,L,R
1zea,H,L,A
1ztx,H,L,E
1zwi,A,B,C
2a0l,D,C,A
2a6d,B,A,P
2a6i,B,A,P
2a6k,H,L,P
2adf,H,L,A
2aep,H,L,A
2aeq,H,L,A
2ap2,D,C,Q
2arj,H,L,Q
2atk,A,B,C
2b0s,H,L,P
2b1a,H,L,P
2b1h,H,L,P
2b2x,H,L,A
2bdn,H,L,A
2bob,A,B,C
2boc,A,B,C
2brr,H,L,P
2ck0,H,L,P
2cmr,H,L,A
2dd8,H,L,S
2dqc,H,L,Y
2dqd,H,L,Y
2dqe,H,L,Y
2dqf,B,A,C
2dqg,H,L,Y
2dqh,H,L,Y
2dqi,H,L,Y
2dqj,H,L,Y
2dtg,A,B,E
2dwd,A,B,C
2dwe,A,B,C
2eh8,H,L,P
2eiz,B,A,C
2eks,B,A,C
2exw,C,D,A
2exy,E,F,B
2ez0,C,D,A
2f58,H,L,P
2f5b,H,L,P
2fd6,H,L,U
2fec,I,L,B
2fed,C,D,A
2fee,J,O,A
2fjg,H,L,W
2fjh,B,A,W
2fx7,H,L,P
2fx8,J,N,R
2fx9,H,L,P
2g5b,D,C,J
2ghw,B,b,A
2gsi,B,A,W
2h1p,H,L,P
2h2p,E,F,B
2h2s,E,F,B
2h32,H,A,B
2h8p,A,B,C
2h9g,B,A,R
2hfe,A,B,C
2hfg,H,L,R
2hg5,A,B,C
2hh0,H,L,P
2hjf,A,B,C
2hkf,H,L,P
2hlf,C,D,A
2hmi,D,C,B
2hrp,H,L,P
2ht2,C,D,A
2ht3,C,D,A
2ht4,E,F,B
2htk,C,D,A
2htl,C,D,A
2hvj,A,B,C
2hvk,A,B,C
2i5y,R,Q,P
2i60,H,L,G
2i9l,F,E,K
2ibz,X,Y,E
2iff,H,L,Y
2igf,H,L,P
2ih1,A,B,C
2ih3,A,B,C
2ipu,G,K,P
2itc,A,B,C
2itd,A,B,C
2j4w,H,L,D
2j5l,C,B,A
2j6e,I,M,B
2j88,H,L,A
2jel,H,L,P
2jix,H,L,E
2jk5,A,B,C
2kh2,B,b,A
2ltq,F,E,D
2mpa,H,L,P
2nlj,B,A,C
2nr6,F,E,B
2nxy,D,C,A
2nxz,D,C,A
2ny0,D,C,A
2ny1,D,C,A
2ny2,D,C,A
2ny3,D,C,A
2ny4,D,C,A
2ny5,H,L,G
2ny6,D,C,A
2ny7,H,L,G
2nyy,D,C,A
2nz9,F,E,B
2oqj,E,D,F
2or9,I,M,P
2osl,H,L,P
2otu,D,C,Q
2otw,B,A,E
2oz4,H,L,A
2p7t,A,B,C
2p8l,B,A,C
2p8m,B,A,C
2p8p,B,A,C
2pw1,B,A,C
2pw2,B,A,C
2q8a,H,L,A
2q8b,H,L,A
2qad,D,C,A
2qhr,H,L,P
2qqk,H,L,A
2qql,H,L,A
2qqn,H,L,A
2qr0,R,Q,P
2qsc,H,L,P
2r0k,H,L,A
2r0l,H,L,A
2r0w,H,L,Q
2r0z,H,L,Q
2r29,H,L,A
2r4r,H,L,A
2r4s,H,L,A
2r56,I,M,B
2r69,H,L,A
2r6p,D,E,A
2r9h,E,F,B
2uud,J,K,T
2uzi,H,L,R
2v17,H,L,A
2vc2,H,L,A
2vdk,H,L,A
2vdl,H,L,A
2vdm,H,L,A
2vdn,H,L,A
2vdo,H,L,A
2vdp,H,L,A
2vdq,H,L,A
2vdr,H,L,A
2vh5,H,L,R
2vir,B,A,C
2vis,B,A,C
2vit,B,A,C
2vwe,E,C,A
2vxq,H,L,A
2vxs,J,N,D
2vxt,H,L,I
2w0f,A,B,C
2w65,C,D,F
2w9e,H,L,A
2wub,R,Q,C
2wuc,H,L,A
2x7l,G,I,M
2xqb,H,L,A
2xqy,G,L,A
2xra,H,L,A
2xtj,D,B,A
2xwt,A,B,C
2xzq,H,L,P
2y06,H,L,P
2y07,H,L,P
2y36,H,L,P
2y6s,H,L,Q
2ybr,G,H,I
2yc1,A,B,C
2ypv,H,L,A
2yss,B,A,C
2zch,H,L,P
2zck,H,L,P
2zcl,H,L,P
2zjs,H,L,Y
2znw,B,b,Z
2znx,A,a,Y
2zpk,I,M,Q
2zuq,F,E,D
3a67,H,L,Y
3a6b,H,L,Y
3a6c,H,L,Y
3ab0,B,C,A
3b2u,N,O,M
3b2v,H,L,A
3b9k,H,L,B
3bae,H,L,A
3bdy,H,L,V
3be1,H,L,A
3bgf,B,C,A
3bkj,H,L,A
3bky,H,L,P
3bn9,D,C,B
3bsz,N,M,E
3bt2,H,L,U
3c09,H,L,D
3c2a,I,M,Q
3ck0,H,L,P
3cx5,U,V,P
3cxd,H,L,P
3cxh,U,V,P
3d0l,B,A,C
3d0v,B,A,C
3d85,B,A,C
3d9a,H,L,C
3det,C,D,A
3dro,B,A,P
3drq,B,A,C
3drt,B,A,C
3dsf,H,L,P
3e8u,H,L,P
3efd,H,L,K
3egs,B,A,C
3ehb,C,D,B
3ejy,C,D,A
3ejz,C,D,A
3eo1,H,G,I
3eoa,H,L,I
3eob,H,L,I
3etb,I,i,M
3eyf,B,A,E
3eys,H,L,Q
3eyu,H,L,Q
3f58,H,L,P
3f5w,A,B,C
3f7v,A,B,C
3f7y,A,B,C
3fb5,A,B,C
3fb6,A,B,C
3fb7,A,B,C
3fb8,A,B,C
3ffd,A,B,P
3fmg,H,L,A
3fn0,H,L,P
3g04,B,A,C
3g5v,B,A,C
3g5y,B,A,E
3g6d,H,L,A
3gb7,A,B,C
3ggw,B,A,E
3ghb,H,L,P
3ghe,H,L,P
3gi8,H,L,C
3gi9,H,L,C
3go1,H,L,P
3grw,H,L,A
3h0t,B,A,C
3h3b,d,D,B
3h3p,I,M,T
3hb3,C,D,B
3hfm,H,L,Y
3hi1,H,L,G
3hi6,H,L,A
3hmx,H,L,A
3hpl,A,B,C
3hr5,B,A,S
3i50,H,L,E
3idg,B,A,C
3idi,B,A,C
3idj,B,A,C
3idm,B,A,C
3idn,B,A,C
3idx,H,L,G
3idy,B,C,A
3iet,D,C,Q
3ifl,H,L,P
3ifn,H,L,P
3ifo,A,B,Q
3ifp,E,F,S
3iga,A,B,C
3iu3,A,B,K
3ixt,H,L,P
3ixx,G,H,A
3ixy,I,J,B
3iyw,H,L,A
3j1s,H,L,A
3j3o,H,L,1
3j3p,H,L,1
3j42,K,L,F
3j5m,H,G,E
3j70,M,N,P
3j8d,d,D,F
3j8v,F,J,D
3j8w,F,J,D
3j8z,G,K,C
3jab,H,L,C
3jau,H,L,A
3jba,H,L,A
3jbq,H,L,F
3jcb,C,B,A
3jcc,C,B,A
3jcx,H,L,A
3jwd,H,L,A
3jwo,H,L,A
3k2u,H,L,A
3kj4,H,L,A
3kj6,H,L,A
3klh,D,C,B
3kr3,H,L,D
3ks0,K,J,A
3l5w,B,A,J
3l5x,H,L,A
3l5y,H,L,A
3l95,B,A,X
3ld8,C,B,A
3ldb,C,B,A
3lev,H,L,A
3lex,H,L,P
3ley,H,L,P
3lh2,K,O,V
3lhp,H,L,S
3liz,H,L,A
3loh,A,B,E
3lzf,H,L,A
3ma9,H,L,A
3mac,H,L,A
3mj9,H,L,A
3mlr,H,L,P
3mls,J,N,R
3mlt,H,L,P
3mlu,H,L,P
3mlv,N,M,Q
3mlw,H,L,P
3mlx,I,M,Q
3mly,H,L,P
3mlz,H,L,P
3mnw,B,A,P
3mnz,B,A,P
3moa,H,L,P
3mob,H,L,P
3mod,H,L,P
3mxw,H,L,A
3n85,H,L,A
3nfp,H,L,I
3ngb,B,C,A
3nh7,K,O,D
3nid,E,F,C
3nif,E,F,C
3nig,E,F,C
3nps,B,C,A
3o2d,H,L,A
3o41,H,L,P
3o45,A,B,C
3o6l,H,L,C
3o6m,H,L,C
3ogc,A,B,C
3opz,I,M,B
3or6,A,B,C
3or7,A,B,C
3p0y,H,L,A
3p11,H,L,A
3p30,H,L,A
3pgf,H,L,A
3pnw,B,A,C
3pp4,H,L,P
3q1s,H,L,I
3q3g,K,J,L
3qa3,B,A,E
3qg6,B,A,D
3qnz,B,A,C
3qo0,B,A,C
3qum,B,A,P
3qwo,H,L,P
3r08,H,L,E
3r1g,H,L,B
3raj,H,L,A
3rhw,F,N,B
3ri5,I,O,D
3ria,F,N,B
3rif,H,L,A
3rkd,D,C,B
3ru8,H,L,X
3rvv,D,C,A
3rvw,D,C,A
3rvx,D,C,A
3s35,H,L,X
3s36,H,L,X
3s37,H,L,X
3se8,H,L,G
3se9,H,L,G
3sge,J,I,M
3skj,H,L,E
3sm5,J,N,E
3so3,C,B,A
3sob,H,L,B
3sqo,H,L,A
3stl,A,B,C
3stz,A,B,C
3t2n,H,L,A
3t3m,E,F,C
3t3p,E,F,C
3thm,H,L,F
3tje,H,L,F
3tt1,I,M,A
3tt3,H,L,A
3tyg,H,L,A
3u0t,D,C,E
3u2s,H,L,G
3u30,F,E,D
3u4e,H,L,G
3u7y,H,L,G
3u9p,H,L,D
3u9u,A,B,F
3uaj,C,D,B
3ubx,H,L,A
3uc0,I,M,B
3uji,H,L,P
3ujj,H,L,P
3ulu,D,C,A
3ulv,H,L,A
3uo1,H,L,P
3ux9,B,b,A
3uyp,A,a,B
3uyr,H,L,P
3uze,A,a,C
3uzq,A,a,B
3uzv,B,b,A
3v4u,H,L,P
3v52,H,L,P
3v6o,C,E,A
3v6z,C,D,E
3v7a,E,H,A
3vg9,C,B,A
3vga,C,B,A
3vi3,F,E,B
3vi4,H,L,D
3vrl,H,L,C
3w11,C,D,E
3w12,C,D,E
3w13,C,D,E
3w14,C,D,E
3w2d,H,L,A
3w9e,A,B,C
3wd5,H,L,A
3whe,O,P,B
3wih,H,L,A
3wkm,H,L,A
3wlw,C,D,A
3wsq,H,L,A
3wxv,H,L,A
3wxw,H,L,A
3x3f,H,L,A
3zdx,E,F,C
3zdy,E,F,C
3zdz,E,F,C
3ze0,E,F,C
3ze1,E,F,C
3ze2,E,F,A
3zkm,H,L,A
3zkn,H,L,A
4aei,H,L,A
4ag4,H,L,A
4al8,H,L,C
4ala,H,L,C
4am0,C,D,T
4bh7,B,A,P
4bh8,B,A,P
4bz1,H,L,A
4bz2,H,L,A
4c2i,M,N,A
4cad,E,D,F
4cau,E,e,A
4cc8,I,K,G
4ckd,H,L,C
4cmh,B,C,A
4cni,H,L,C
4d3c,H,L,A
4d9q,E,D,B
4d9r,H,L,A
4dag,H,L,A
4dgi,H,L,A
4dgv,H,L,A
4dgy,H,L,A
4dke,I,M,B
4dkf,H,L,A
4dn4,H,L,M
4dqo,H,L,C
4dtg,H,L,K
4dvr,H,L,G
4dw2,H,L,U
4edw,H,L,V
4edx,H,L,V
4ene,C,D,A
4ers,H,L,A
4etq,H,L,C
4f15,K,L,J
4f2m,C,D,F
4f37,H,L,A
4f3f,B,A,C
4f9l,d,D,A
4f9p,D,d,B
4ffv,H,L,A
4ffw,D,C,B
4ffy,H,L,A
4ffz,Z,Y,X
4fg6,C,D,A
4fp8,I,M,B
4fqj,H,L,A
4fqk,E,F,C
4fqr,a,b,A
4g3y,H,L,C
4g6a,C,D,B
4g6f,H,L,P
4g6j,H,L,A
4g6m,H,L,A
4g7v,H,L,S
4g7y,H,L,S
4g80,G,H,I
4gag,H,L,P
4gaj,H,L,P
4glr,H,I,A
4gms,J,N,E
4gxu,M,N,A
4h0h,B,b,D
4h88,H,L,A
4h8w,H,L,G
4hc1,M,N,B
4hcr,M,N,B
4hf5,H,L,A
4hfu,H,L,A
4hg4,Z,z,I
4hha,B,A,P
4hix,H,L,A
4hj0,C,D,B
4hkx,A,B,E
4hpo,H,L,P
4hpy,H,L,P
4hs6,B,A,Z
4hs8,H,L,A
4ht1,H,L,T
4hwb,H,L,A
4hzl,H,L,E
4i18,H,L,C
4i2x,D,C,F
4i3r,H,L,G
4i3s,H,L,G
4i77,H,L,Z
4i9w,E,D,A
4idj,H,L,A
4ij3,C,B,A
4iof,E,F,B
4irz,H,L,A
4j4p,H,L,A
4j6r,H,L,G
4j8r,B,A,I
4jan,A,B,I
4jb9,H,L,G
4jdt,H,L,G
4jfx,H,L,P
4jfz,H,L,P
4jg0,H,L,P
4jg1,H,L,P
4jhw,H,L,F
4jkp,H,L,G
4jlr,H,L,S
4jm2,D,C,E
4jo1,H,L,P
4jo2,I,M,Q
4jo3,I,M,Q
4jpk,H,L,A
4jpv,H,L,G
4jpw,H,L,G
4jr9,H,L,A
4jre,H,L,D
4jzj,H,L,C
4jzn,I,P,K
4jzo,G,H,L
4k24,H,L,U
4k2u,H,L,A
4k3j,H,L,B
4k4m,I,M,B
4k8r,D,C,B
4k9e,H,L,C
4kht,H,L,A
4khx,H,L,A
4ki5,E,F,M
4kjp,C,D,A
4kjq,E,F,B
4kjw,C,D,A
4kk5,E,F,B
4kk6,E,F,B
4kk8,E,F,B
4kk9,E,F,B
4kka,C,D,A
4kkb,E,F,B
4kkc,C,D,A
4kkl,C,D,A
4kro,D,C,A
4krp,D,C,A
4kuc,H,D,A
4kv5,J,I,B
4kvn,H,L,A
4kxz,N,M,E
4l5f,H,L,E
4lbe,A,B,C
4lcu,A,B,C
4leo,A,B,C
4lf3,B,A,C
4liq,H,L,E
4lkx,A,B,R
4lmq,E,I,F
4lou,C,D,A
4lqf,H,L,A
4lsp,H,L,G
4lsq,H,L,G
4lsr,H,L,G
4lss,H,L,G
4lst,H,L,G
4lsu,H,L,G
4lsv,H,L,G
4lu5,H,L,B
4lvh,K,L,J
4lvn,C,B,A
4lvo,C,B,A
4m1c,E,F,B
4m1d,I,M,Q
4m48,H,L,A
4m5z,H,L,A
4m62,I,M,T
4m7l,H,L,T
4m8q,A,B,S
4ma7,H,L,A
4ma8,H,L,C
4mhh,H,L,E
4mhj,K,J,G
4mqx,E,F,B
4msw,A,B,C
4mwf,A,B,D
4mxv,H,L,A
4mxw,H,L,A
4n0y,H,L,A
4n8c,H,L,X
4n9g,M,N,Z
4nco,L,K,I
4ngh,H,L,P
4nhc,H,L,P
4nhh,O,Q,C
4nik,B,b,A
4nnp,H,L,A
4np4,H,L,A
4nrx,H,L,P
4nx3,B,A,D
4nzr,H,L,M
4nzt,H,L,M
4o02,H,L,A
4o4y,H,L,A
4o51,B,A,N
4o58,H,L,A
4o5i,W,X,K
4o9h,H,L,A
4od2,B,A,S
4odx,H,B,X
4oga,C,D,E
4ogx,H,L,A
4ogy,H,L,A
4oii,I,M,B
4ojf,H,L,A
4okv,A,B,F
4olu,H,L,G
4olv,H,L,G
4olw,H,L,G
4olx,H,L,G
4oly,H,L,G
4olz,H,L,G
4om0,H,L,G
4om1,H,L,G
4onf,H,L,P
4ong,H,L,P
4oqt,H,L,A
4ot1,H,L,A
4p3c,H,L,M
4p3d,A,B,C
4p59,H,L,A
4p9h,H,L,G
4pd4,J,K,E
4plj,H,L,A
4plk,H,L,A
4pp1,D,C,B
4pp2,D,C,E
4ps4,H,L,A
4q0x,H,L,E
4q5z,M,N,C
4q6i,H,L,C
4qci,H,L,C
4qex,I,M,B
4qhu,B,A,D
4qnp,H,L,B
4qti,H,L,U
4qww,D,C,B
4qxt,A,B,Q
4qxu,H,L,K
4qy8,A,B,Q
4qyo,A,B,Q
4r0l,H,L,D
4r2g,N,M,A
4r3s,A,B,Q
4r4f,H,L,A
4r4h,H,L,A
4r4n,F,G,E
4rau,B,A,C
4rav,A,B,E
4rdq,G,F,E
4rfn,B,C,A
4rfo,H,L,G
4rgm,H,L,S
4rgn,D,E,A
4rgo,H,L,S
4ris,H,L,P
4rqs,D,C,G
4rrp,L,F,R
4rwy,H,L,A
4rx4,H,L,G
4s1q,H,L,G
4s1r,H,L,G
4s1s,H,L,G
4tnv,W,f,P
4tnw,V,Z,R
4tqe,H,L,A
4tsa,H,L,A
4tsb,H,L,A
4tsc,H,L,A
4ttd,C,D,B
4tuj,A,B,E
4tuk,H,L,I
4tul,H,L,I
4tvp,H,L,G
4u0r,B,C,A
4u1g,E,F,D
4u6g,A,B,C
4u6h,A,B,E
4u6v,K,M,B
4uao,C,B,A
4uif,K,L,C
4uih,F,G,C
4ut6,I,M,B
4ut9,H,L,A
4uta,H,L,B
4utb,I,M,B
4uu9,H,L,D
4uuj,A,B,C
4uv7,H,L,A
4v1d,D,E,C
4web,H,L,E
4wfe,G,F,B
4wff,E,D,A
4wfg,G,F,B
4wfh,G,F,B
4wht,A,B,a
4why,M,N,B
4wv1,B,A,C
4wy7,H,L,P
4xak,D,E,B
4xaw,H,L,P
4xbe,H,L,P
4xc1,H,L,P
4xc3,H,L,P
4xcf,H,L,P
4xgz,C,D,c
4xh2,A,B,a
4xmk,H,L,P
4xmn,H,L,E
4xmp,H,L,G
4xnm,B,A,D
4xnq,B,A,D
4xnu,H,L,A
4xnx,H,L,A
4xny,H,L,G
4xnz,H,L,G
4xp1,H,L,A
4xp4,H,L,A
4xp5,H,L,A
4xp6,H,L,A
4xp9,H,L,C
4xpa,H,L,A
4xpf,H,L,A
4xph,H,L,A
4xrc,B,A,D
4xtr,C,D,B
4xvj,H,L,A
4xvs,H,L,G
4xvt,H,L,G
4xvu,C,D,B
4xwg,H,L,A
4xwo,I,J,G
4xx1,H,L,A
4xxd,B,A,C
4xzu,E,F,G
4y5v,D,E,F
4y5x,G,H,I
4y5y,D,E,F
4ybl,B,C,A
4ybq,D,C,B
4yc2,B,C,A
4ydi,H,L,G
4ydj,A,B,I
4ydk,H,L,G
4ydl,B,C,A
4ydv,H,L,P
4ye4,H,L,G
4yfl,H,L,G
4yhp,H,L,P
4yhz,H,L,P
4yjz,l,L,E
4yk4,C,B,A
4yo0,C,D,F
4ypg,H,L,D
4yqx,N,O,M
4yr6,A,B,C
4yue,H,L,C
4ywg,I,M,Q
4yx2,H,L,A
4yxh,H,L,A
4yxk,H,L,A
4yxl,H,L,A
4yzf,K,L,D
4z0x,B,A,C
4z5r,W,V,F
4z7n,E,F,C
4z7o,E,F,C
4z7q,E,F,C
4zff,A,B,C
4zfg,H,L,A
4zfo,H,L,K
4zpt,H,L,S
4zpv,H,L,R
4zs6,C,D,B
4zs7,H,L,A
4zso,D,C,F
4zto,H,L,P
4zxb,C,D,E
4zyp,N,O,B
5a1z,K,L,C
5a2i,H,h,P
5a2j,H,h,P
5a2k,H,h,P
5a2l,H,h,P
5a3i,G,H,E
5a7x,H,G,E
5a8h,L,K,G
5aam,B,b,J
5aaw,K,k,L
5aco,G,J,C
5anm,D,C,E
5aum,A,B,D
5b3j,H,L,D
5b71,D,C,F
5b8c,B,A,C
5bjz,D,H,B
5bk0,B,A,E
5bk1,H,L,A
5bk2,C,D,B
5bo1,I,M,A
5bv7,C,B,A
5bvp,H,L,I
5c0n,C,D,B
5c0r,H,L,A
5c0s,H,L,A
5c6t,H,L,A
5c7k,A,B,C
5c7x,H,L,A
5c8j,C,D,L
5cba,A,B,E
5cbe,C,D,F
5cd5,C,D,A
5cez,H,L,G
5cil,H,L,P
5cin,H,L,P
5cjo,H,L,A
5csz,H,L,D
5cus,J,N,C
5czv,H,L,A
5czx,H,L,A
5d1q,B,A,E
5d1x,B,A,E
5d1z,D,C,I
5d70,H,L,A
5d71,H,L,A
5d72,M,N,B
5d8j,H,L,A
5d93,C,B,A
5d96,J,I,D
5d9q,D,d,G
5dd0,H,L,P
5dfv,C,D,A
5dfw,H,h,A
5dhv,H,L,M
5dhx,B,b,C
5dhy,H,L,M
5dhz,H,L,M
5dlm,H,L,X
5dmg,E,F,X
5dmi,H,L,A
5do2,H,L,A
5drz,H,L,P
5ds8,H,L,P
5dsc,E,F,M
5dtf,H,L,P
5dub,H,L,P
5dum,H,L,A
5dup,H,L,A
5dur,H,L,C
5e1a,A,B,C
5e2v,H,L,P
5e2w,H,L,P
5e8d,H,L,A
5e8e,B,A,H
5e94,B,A,G
5ea0,H,L,P
5ebl,A,B,C
5ebm,A,B,C
5ebw,A,B,C
5ec1,A,B,C
5ec2,A,B,C
5eii,H,L,G
5en2,A,B,C
5eoc,J,M,Q
5eoq,H,L,A
5eor,H,L,A
5epm,E,F,D
5erw,A,B,C
5esv,H,L,G
5esz,A,B,C
5eu7,F,D,B
5ezo,H,L,A
5f3b,E,F,D
5f3h,E,F,L
5f3j,D,d,B
5f45,H,L,A
5f6j,H,F,E
5f72,S,s,K
5f96,H,L,G
5f9o,H,L,G
5f9w,B,C,A
5fb8,B,A,C
5fcu,H,L,G
5fec,H,L,I
5fgb,E,B,G
5fgc,E,B,A
5fhc,A,B,J
5fxc,H,h,P
5fyl,D,E,B
5g64,I,M,B
5ggr,H,L,Z
5ggs,C,D,Y
5ggt,H,L,A
5ggv,H,L,Y
5ghw,H,L,P
5gir,A,B,D
5gis,H,L,C
5gmq,B,C,A
5grj,H,L,A
5gru,H,h,A
5gs0,F,E,B
5gs2,H,h,A
5gzo,C,D,B
5h30,I,M,C
5h32,I,M,C
5h35,H,I,D
5h37,K,L,B
5hbt,D,C,B
5hbv,D,C,B
5hd8,C,D,A
5hdb,H,L,A
5hdq,H,L,A
5hhv,H,L,A
5hhx,H,L,A
5hi3,C,D,A
5hi4,C,D,B
5hi5,C,D,A
5hys,A,B,G
5i5k,X,Y,A
5i6x,B,C,A
5i6z,B,C,A
5i71,B,C,A
5i73,B,C,A
5i74,B,C,A
5i75,B,C,A
5i8c,A,B,C
5i8h,I,J,A
5i9q,B,C,A
5ibl,C,D,F
5ies,H,L,C
5if0,A,B,I
5ifj,J,K,L
5ig7,G,H,I
5igx,H,L,G
5ijk,A,C,X
5ikc,B,A,M
5iq7,H,L,P
5iq9,H,L,P
5iwl,A,a,D
5j13,C,B,A
5j3h,C,D,E
5j9p,A,B,C
5jhl,H,L,A
5jq6,H,L,A
5js9,A,B,C
5jsa,A,B,C
5jxe,G,F,A
5jyl,D,d,C
5jym,D,d,C
5jz7,G,I,F
5k59,E,F,B
5k9k,H,L,F
5k9o,H,L,I
5k9q,H,L,B
5kaq,F,G,C
5kel,Q,U,I
5kem,I,J,F
5ken,G,H,F
5kjr,H,L,G
5kn5,D,E,F
5kov,C,c,A
5kqv,P,Q,F
5kte,H,L,A
5kvd,H,L,E
5kve,H,L,E
5kvf,H,L,E
5kvg,H,L,E
5kw9,H,L,A
5kzc,E,G,F
5kzp,F,J,C
5l0q,C,B,A
5l6y,H,L,C
5lbs,H,L,A
5ldn,H,L,A
5lqb,H,L,A
5lsp,H,L,A
5lwy,H,L,A
5lx9,H,h,A
5lxa,H,h,A
5lxg,H,L,A
5mes,H,L,A
5mev,H,L,A
5mhr,P,O,E
5mi0,B,C,A
5mo3,H,L,A
5mo9,H,L,X
5mp1,F,G,E
5mp3,A,B,C
5mp5,A,B,K
5mu0,C,D,R
5mu2,K,L,U
5mub,R,S,T
5mv3,C,D,E
5mv4,I,J,K
5mvz,H,L,U
5my4,B,A,C
5myk,B,A,C
5myo,B,A,E
5myx,B,A,E
5n09,I,M,B
5n0a,H,L,A
5n7b,H,h,I
5n7w,H,L,X
5ngv,H,L,A
5nh3,I,M,B
5nhr,A,B,D
5nj3,C,D,B
5nj6,H,L,A
5njd,N,M,K
5njg,E,F,A
5nmv,H,L,K
5nph,H,L,A
5npi,A,a,D
5npj,A,a,D
5nuz,H,L,D
5o14,C,D,B
5o1r,H,L,A
5o4g,B,A,C
5o4o,B,A,C
5o6v,H,L,B
5o7p,B,A,C
5ob5,H,L,A
5occ,H,L,A
5ock,H,L,A
5ocx,H,L,A
5ocy,H,L,C
5ogi,B,b,A
5otj,H,L,C
5owp,H,h,D
5sx4,H,L,N
5sx5,H,L,N
5sy8,H,L,O
5t1d,H,L,B
5t29,H,L,O
5t33,H,L,G
5t3s,D,E,B
5t3x,H,L,G
5t3z,H,L,G
5t5b,A,B,O
5t5f,H,L,A
5t5n,M,L,C
5t6l,A,B,G
5t6p,D,C,E
5t78,D,C,E
5t80,H,L,G
5t85,H,L,G
5tbd,E,F,I
5te4,H,L,G
5te6,H,L,G
5te7,H,L,G
5tfw,H,L,O
5th9,J,N,C
5thr,T,U,B
5tih,H,L,A
5tkj,J,K,L
5tkk,H,L,A
5tl5,H,L,A
5tlj,D,C,X
5tlk,B,A,X
5tpn,H,L,A
5tqq,H,L,A
5tr1,I,M,B
5tru,H,L,C
5tud,F,E,D
5tz2,H,L,C
5tzt,H,L,C
5tzu,H,L,C
5u3d,B,A,E
5u3j,H,L,A
5u3k,A,B,C
5u3l,H,L,P
5u3m,H,L,A
5u3n,H,L,A
5u3o,H,L,A
5u68,F,f,B
5u7m,D,E,B
5u7o,H,L,G
5u8q,H,L,A
5u8r,H,L,A
5ucb,H,L,B
5udc,B,C,A
5udd,O,U,I
5uea,H,L,D
5uek,H,L,A
5uem,H,L,G
5ug0,D,C,A
5ugy,I,M,C
5uhy,H,G,A
5ujz,I,i,E
5uk0,I,i,E
5uk1,I,i,E
5uk2,H,h,C
5ukr,H,L,G
5um8,D,E,B
5umi,A,B,C
5umn,E,F,A
5uoe,M,N,B
5uqy,D,C,A
5ush,D,E,A
5usi,H,L,X
5usl,H,L,X
5utf,D,E,B
5uty,D,E,B
5utz,F,G,E
5v2a,H,L,A
5v6l,I,M,Q
5v6m,H,L,P
5v7j,D,E,B
5v8l,J,N,A
5v8m,S,U,G
5vag,C,B,A
5vcn,F,E,A
5vco,D,C,E
5veb,H,L,Y
5vgj,H,L,G
5vic,H,L,E
5vig,H,L,Z
5viy,H,G,F
5vj6,H,L,E
5vjo,C,D,F
5vjq,C,D,J
5vk6,A,B,C
5vkd,H,L,A
5vke,A,B,C
5vkh,A,B,C
5vl3,H,L,Q
5vl7,H,L,B
5vlp,H,L,A
5vn3,M,O,J
5vn8,F,J,D
5vpg,D,C,A
5vph,D,C,A
5vpl,D,C,A
5vqm,D,C,B
5vta,I,G,B
5vxr,H,L,P
5vyf,B,A,C
5vzy,H,L,A
5w06,H,L,T
5w08,K,L,C
5w0d,B,C,A
5w0k,H,L,A
5w1k,L,K,J
5w1m,D,C,T
5w23,H,L,C
5w2b,H,L,A
5w3p,H,L,P
5w42,H,L,A
5w4l,D,E,G
5w5x,H,L,A
5w5z,H,L,A
5w6d,H,L,G
5w6g,H,L,A
5w9h,H,I,G
5w9i,C,D,A
5w9j,B,C,A
5w9k,B,C,A
5w9l,E,F,D
5w9m,B,C,A
5w9n,E,F,D
5w9o,H,I,G
5w9p,D,E,B
5wb9,H,L,G
5wdf,A,B,Q
5wdu,D,E,G
5wi9,H,L,A
5wk3,W,V,D
5wn9,H,h,A
5wna,H,L,B
5wnb,H,L,B
5wob,U,V,G
5wt9,H,L,G
5wth,E,D,B
5wtt,A,B,C
5wux,C,D,G
5x08,H,L,P
5x0t,A,B,E
5x2m,H,L,A
5x2o,H,L,A
5x8l,G,L,B
5x8m,B,C,A
5xbm,E,D,F
5xcq,A,B,C
5xcr,D,E,F
5xcs,A,B,C
5xct,A,B,C
5xcu,D,E,F
5xcv,A,B,C
5xez,H,L,B
5xf1,H,L,B
5xhv,H,L,E
5xj3,J,K,L
5xj4,H,L,A
5xjm,H,L,A
5xku,C,B,A
5xmh,H,L,A
5xs7,H,L,A
5xwd,H,D,A
5xxy,H,L,A
5y0a,D,E,A
5y11,A,B,C
5y9f,P,O,C
5y9j,H,L,A
5yax,B,b,C
5yd3,G,g,H
5yd4,A,a,B
5yd5,C,c,D
5ye3,B,A,C
5ye4,A,B,E
5yhl,H,L,A
5yoy,P,M,K
5ywo,N,M,C
5ywp,R,Q,A
5ywy,H,L,A
5yy4,A,a,B
5yy5,H,L,A
5zia,G,L,R
5zs0,B,A,C
5zv3,H,L,A
5zxv,C,D,B
6a0z,H,L,A
6a3w,A,B,C
6a4k,I,M,B
6a67,C,D,B
6a77,H,L,A
6a78,I,M,B
6a79,H,L,A
6ad7,C,D,A
6ad8,C,D,A
6ada,C,D,A
6adb,C,D,A
6adc,E,F,B
6aj9,D,E,A
6al0,H,L,A
6al1,H,L,A
6al5,H,L,A
6aod,B,A,C
6apd,J,L,C
6aq7,H,L,A
6aru,C,B,A
6att,H,L,A
6awn,B,C,A
6awo,B,C,A
6awp,B,C,A
6awq,B,C,A
6axk,A,B,E
6axl,D,C,G
6ayz,B,D,A
6az2,C,E,D
6azm,B,A,E
6azz,F,E,D
6b08,C,B,A
6b0a,H,L,A
6b0e,B,A,E
6b0g,D,C,E
6b0h,D,C,I
6b0n,D,E,G
6b0s,H,L,C
6b3s,J,K,I
6b5l,H,L,A
6b5m,H,L,A
6b5n,H,L,A
6b5o,H,L,A
6b5p,H,L,A
6b5r,H,L,A
6b5s,H,L,A
6b5t,H,L,A
6b70,E,F,B
6b7z,E,F,B
6b9j,A,B,Y
6ba5,F,E,O
6ban,B,A,M
6bb4,I,M,Q
6bck,H,L,G
6bdz,H,L,A
6bf4,B,C,A
6bf7,C,D,A
6bf9,C,D,A
6bfq,H,L,K
6bfs,H,L,C
6bft,A,B,G
6bgt,B,A,C
6bit,J,L,G
6bkb,H,L,E
6bkc,H,L,E
6bkd,H,L,E
6blh,H,L,G
6bli,D,E,F
6bp2,H,L,A
6bpa,E,F,D
6bpc,B,C,A
6bpe,E,F,D
6bqb,H,L,P
6bsp,A,B,D
6bt3,B,A,N
6by2,A,B,C
6by3,A,B,C
6bzu,G,H,L
6bzv,C,D,J
6bzw,C,D,I
6bzy,H,L,B
6c08,D,E,F
6c6y,A,B,S
6c6z,H,L,B
6c9u,H,L,A
6cbp,A,a,P
6cbv,H,L,B
6ccb,D,E,C
6cde,H,L,D
6cdi,m,n,d
6cdm,A,B,C
6cdo,A,B,C
6cdp,A,B,C
6ce0,D,E,B
6cez,H,L,P
6ch7,D,E,B
6ch8,D,E,B
6ch9,Q,R,G
6chb,J,K,G
6ck9,H,L,G
6cm3,O,N,E
6cmg,C,B,A
6cmi,D,C,B
6cnj,G,F,C
6cnv,H,L,B
6co3,H,L,Q
6crq,J,L,F
6cse,H,L,M
6csf,H,L,M
6ct7,H,L,S
6cue,H,L,D
6cuf,h,l,c
6cvk,A,a,C
6cwd,B,b,D
6cwt,C,D,F
6cxg,H,L,A
6cxy,H,L,C
6cyf,F,E,B
6d01,G,H,J
6d0u,H,I,G
6d0x,A,B,C
6d11,C,D,E
6d2p,H,L,C
6d6t,J,I,B
6d6u,J,I,B
6d9w,H,L,A
6db5,H,L,P
6db6,H,L,P
6db7,I,M,Q
6dc3,H,L,F
6dc5,H,I,G
6dc8,H,L,P
6dc9,H,L,P
6dca,J,N,R
6dcw,H,L,T
6ddm,B,A,C
6ddr,B,A,C
6ddv,B,A,C
6de7,D,E,B
6df1,H,L,A
6df2,H,L,D
6dfg,H,L,A
6dfh,H,L,A
6dfi,H,L,E
6dfj,H,L,E
6djp,C,D,A
6dkj,H,L,C
6dzv,B,C,A
6dzz,B,C,A
6e1k,D,C,B
6e4x,Z,Y,B
6e4y,H,L,P
6e4z,H,L,P
6e56,G,I,D
6e5p,3,4,E
6e62,H,L,P
6e63,H,L,P
6ejg,D,d,B
6ejm,I,i,A
6ek2,H,h,A
6elu,K,L,J
6eqc,F,f,C
6erx,F,G,B
6eti,F,E,A
6ewb,J,K,D
6eyo,H,L,A
6f7t,B,A,D
6fax,H,L,R
6feq,D,C,B
6fla,H,L,I
6flb,H,L,G
6flc,B,A,I
6fn1,C,B,A
6fn4,C,B,A
6frj,H,h,B
6fxn,D,E,A
6fy0,I,M,A
6fy1,Y,Z,X
6fy2,X,Y,Z
6fy3,H,L,P
6fzq,H,h,P
6fzr,H,h,P
6gk7,H,L,A
6gk8,H,L,I
6gku,H,L,A
6glw,H,L,A
6glx,C,D,B
6gv1,H,L,A
6h06,E,F,J
6h0e,C,D,G
6h2y,H,L,D
6h3t,I,M,B
6h3u,I,M,A
6h5n,F,E,D
6hco,D,C,B
6hf1,C,B,A
6hga,H,L,B
6hhc,H,L,A
6hig,H,L,B
6hx4,H,L,B
6hxw,C,D,B
6i04,H,L,A
6i07,B,b,D
6i8s,G,K,C
6i9i,H,L,D
6iap,H,L,A
6icc,H,L,A
6icf,H,L,A
6idi,M,N,F
6idk,H,L,D
6idl,I,J,E
6iea,H,L,A
6ieb,H,L,A
6iec,J,K,I
6iek,B,C,A
6ieq,D,E,B
6ii4,H,L,A
6ii8,J,K,E
6ii9,P,Q,E
6ion,H,L,A
6iut,H,L,A
6iuv,C,D,B
6ivz,H,L,A
6iw0,H,L,A
6iw2,K,L,J
6j11,F,G,B
6j14,A,B,G
6j15,H,L,D
6j5d,H,L,A
6j5f,H,L,A
6j5g,H,L,A
6j6y,B,C,A
6j71,B,b,A
6jbt,H,L,F
6jep,H,L,E
6jfh,K,I,A
6jfi,H,L,E
6jhq,D,E,C
6jhr,E,D,C
6jhs,E,D,C
6jht,E,D,C
6jjp,D,E,F
6k0y,A,B,C
6k5a,E,F,B
6k5d,E,F,B
6k5f,C,D,A
6k5i,E,F,B
6k65,H,L,A
6k68,C,D,E
6k7o,F,G,R
6kn9,F,f,C
6ko5,H,L,A
6krz,H,I,C
6ks0,H,L,A
6ks1,H,L,A
6ktr,A,B,C
6kva,h,l,b
6kvf,A,C,B
6kx1,A,B,C
6kyz,B,C,A
6kz0,H,I,G
6l62,H,L,A
6lbh,C,D,B
6ldv,H,L,P
6ldw,B,A,D
6ldx,H,L,B
6ldy,A,B,C
6lgw,C,D,F
6ln2,C,B,A
6lra,H,L,C
6lxi,H,L,A
6lxj,M,N,D
6lxk,J,K,C
6lyn,A,B,C
6lz4,A,B,C
6lz9,H,L,B
6m0f,H,L,A
6m0z,H,L,A
6m2r,H,L,A
6m38,H,L,A
6m3b,C,B,A
6m3c,K,J,G
6m3z,H,L,A
6m47,H,L,A
6m58,C,D,B
6mb3,H,L,E
6mco,D,E,B
6mdt,D,E,B
6me1,A,B,F
6meh,H,L,C
6mei,H,L,C
6mej,H,L,C
6mek,F,E,C
6mf7,H,L,A
6mfp,H,L,G
6mft,A,B,C
6mg7,H,L,G
6mhg,G,S,E
6mhr,A,B,C
6mi2,D,E,F
6ml8,H,L,A
6mlk,H,L,A
6mlm,E,I,A
6mn7,G,g,A
6mnq,H,L,P
6mnr,H,L,P
6mns,A,B,Q
6mpg,3,4,A
6mph,3,4,E
6mqc,A,B,D
6mqe,A,B,D
6mqm,D,E,F
6mqr,H,L,A
6mqs,C,D,F
6mtj,H,L,G
6mtn,H,L,G
6mto,H,L,T
6mtp,H,L,P
6mtq,H,L,T
6mtt,H,L,P
6mu6,H,L,G
6mu7,H,L,G
6mu8,D,E,B
6muf,D,E,B
6mug,H,L,G
6mui,K,L,J
6mv5,H,L,P
6mvl,H,L,A
6mw9,O,P,N
6mwc,C,D,B
6mwv,K,L,J
6mwx,O,P,N
6myy,G,F,E
6mzj,H,L,A
6n16,K,J,G
6n1v,X,Z,A
6n1w,h,l,d
6n5b,H,L,B
6n5d,C,D,A
6n5e,G,F,B
6n6b,K,L,A
6n7j,H,L,C
6n81,H,L,A
6n8d,D,B,A
6nb3,D,E,A
6nb4,H,L,A
6nb6,I,M,B
6nb7,H,L,A
6ncp,C,D,E
6nf2,S,T,Q
6nf5,G,I,D
6nfc,J,M,G
6nfu,A,B,C
6nfv,A,B,C
6ni2,H,L,B
6nip,H,L,Z
6niu,I,J,A
6njl,N,M,B
6njm,L,K,B
6njn,I,i,A
6nm6,H,L,G
6nmr,A,B,E
6nms,B,A,C
6nmt,B,A,C
6nmu,B,A,C
6nmv,H,L,S
6nn3,H,L,A
6nnf,U,V,G
6nnj,U,V,G
6nyq,H,L,C
6o23,C,D,E
6o24,A,B,I
6o25,E,F,H
6o26,A,B,C
6o28,A,B,E
6o29,H,L,D
6o2a,A,B,F
6o2b,A,B,F
6o2c,A,B,C
6o39,B,A,C
6o3a,B,A,E
6o3b,G,E,H
6o3g,E,F,G
6o3j,H,L,G
6o3l,A,B,E
6o41,B,A,N
6o42,H,L,G
6o9h,A,B,C
6o9i,D,E,C
6oan,B,b,A
6oao,L,l,K
6obd,H,L,F
6oc3,C,D,E
6ocb,H,L,A
6oe4,E,F,D
6oe5,H,L,A
6oej,B,C,A
6ofi,H,L,G
6oge,E,D,A
6ogx,C,D,G
6ohg,C,B,A
6okm,H,L,R
6okn,A,B,R
6okp,Q,R,F
6oor,H,L,A
6opa,F,I,B
6opo,H,L,A
6opp,G,I,D
6opq,H,L,A
6orn,A,B,G
6oro,D,E,B
6orp,D,E,B
6orq,H,L,G
6osh,H,L,K
6osv,H,L,K
6osy,H,L,A
6ot1,J,K,E
6otc,H,L,A
6oy4,D,C,A
6oz2,H,L,G
6oz3,H,L,G
6oz4,H,L,G
6p3r,C,D,E
6p3s,C,D,E
6p4a,H,L,C
6p4b,B,A,D
6p50,H,L,C
6p60,A,B,E
6p62,C,D,B
6p65,F,G,E
6p67,E,F,G
6p7h,A,B,C
6p8d,D,E,F
6p8m,H,L,C
6p8n,B,D,A
6p9h,H,L,A
6pa0,A,B,C
6pbv,B,A,G
6pbw,D,C,E
6pci,I,L,B
6pcu,I,H,G
6pdr,H,L,A
6pds,B,A,C
6pdu,H,L,C
6pdx,M,N,B
6pe8,H,L,T
6pe9,H,L,V
6pec,H,L,A
6pef,A,B,C
6phb,D,C,I
6phc,A,B,I
6phd,H,L,C
6phf,A,B,G
6pi7,C,B,A
6pis,I,M,A
6plh,B,A,C
6plk,H,L,E
6ppg,H,L,F
6pxh,C,D,A
6pxr,H,L,A
6pz8,C,G,J
6pze,H,L,A
6pzf,H,L,A
6pzw,F,E,C
6pzy,I,L,F
6pzz,I,G,C
6q0e,H,L,A
6q0h,H,L,A
6q0i,H,L,A
6q0l,H,L,A
6q0o,Z,B,A
6q18,H,L,A
6q1z,H,L,A
6q20,H,L,A
6q23,H,L,A
6qb3,X,x,A
6qb4,X,x,A
6qb6,H,L,A
6qee,C,B,A
6qex,C,B,A
6qfc,B,b,A
6qig,H,L,A
6r0x,A,B,E
6r2s,B,A,C
6r8x,C,B,A
6rcu,E,D,A
6rcv,J,I,F
6rlo,A,B,I
6rp8,h,l,c
6rps,N,M,B
6s3d,C,D,M
6s3t,N,M,A
6s8d,Y,U,E
6s8i,P,O,C
6s8j,Y,U,E
6sf6,A,B,D
6shg,H,L,B
6snc,B,A,C
6snd,H,L,P
6sne,H,L,P
6snh,H,L,X
6sni,H,L,X
6ss2,H,L,A
6ss4,H,L,A
6ss6,I,M,B
6suz,H,L,A
6sv2,H,L,A
6svl,A,B,C
6t3f,H,L,F
6t3j,C,D,E
6t9d,A,B,D
6t9e,A,B,C
6tgg,H,h,P
6tou,A,a,G
6txz,J,N,C
6tyb,H,L,G
6tys,C,D,B
6u02,H,L,A
6u0l,I,J,B
6u0n,H,L,A
6u2f,H,L,A
6u36,H,L,B
6u38,H,L,B
6u3i,H,L,A
6u59,H,L,A
6u6u,H,L,R
6u9s,A,B,C
6ubi,D,E,F
6uce,H,L,C
6ucf,H,L,A
6uda,K,L,I
6udj,H,I,J
6udk,M,N,R
6uig,H,L,G
6ukj,H,L,A
6ule,A,B,I
6um5,C,D,A
6um6,K,L,I
6um7,J,K,A
6umx,H,L,A
6uoe,H,L,P
6uqr,C,c,D
6ur5,A,B,C
6urh,H,L,C
6urm,H,L,F
6usf,H,L,D
6uta,A,B,C
6ute,C,D,S
6utk,D,E,T
6uud,H,L,A
6uvo,H,L,D
6uyd,H,L,E
6uye,G,J,A
6uyf,H,L,E
6uyg,H,L,E
6uym,H,L,E
6v4n,C,G,M
6v4o,A,B,I
6v6w,D,E,T
6v8x,G,H,E
6v8z,C,F,A
6vbo,H,L,C
6vbp,J,I,K
6vbq,E,F,J
6vc9,H,L,A
6vca,E,F,A
6vel,H,L,C
6vep,O,P,Q
6veq,I,J,K
6vgr,C,D,A
6vi0,H,L,G
6vi1,B,A,N
6vja,H,L,C
6vjt,H,L,P
6vlr,D,K,H
6vlw,H,L,G
6vmj,F,E,Y
6vmk,l,k,m
6vn1,J,N,C
6vo0,H,L,A
6vo1,G,J,C
6vo3,I,K,D
6vpx,H,L,G
6vrh,B,C,A
6vrk,B,C,A
6vrl,B,C,A
6vry,H,L,G
6vtw,H,L,A
6vug,D,C,B
6vvu,J,K,B
6vy2,H,L,A
6vy4,C,D,B
6vy5,H,L,A
6vy6,H,L,A
6vyh,D,C,A
6vyv,K,O,E
6vzi,D,E,B
6w00,H,L,P
6w03,H,L,G
6w05,H,L,P
6w09,K,O,G
6w0a,A,B,C
6w0b,A,B,C
6w0c,A,B,C
6w0d,A,B,C
6w0e,A,B,C
6w0f,A,B,C
6w0g,A,B,C
6w0h,A,B,C
6w0i,A,B,C
6w0j,A,B,C
6w16,H,L,F
6w1c,L,P,H
6w2b,B,C,A
6w2c,B,C,A
6w41,H,L,C
6w4s,H,L,F
6w7s,H,L,A
6was,H,L,J
6wbv,H,L,A
6weq,G,H,B
6wer,E,F,B
6wfx,H,L,P
6wfy,H,L,P
6wfz,H,L,P
6wg0,H,L,P
6wg1,H,L,C
6wg2,H,L,P
6wgl,A,B,C
6wh9,E,F,D
6whk,C,B,A
6wik,D,C,A
6wio,A,B,C
6wir,A,B,C
6wit,H,L,I
6wix,D,E,B
6wjl,F,J,E
6wm9,B,C,A
6wmw,H,L,B
6wn1,E,F,D
6wn4,A,B,C
6wno,B,C,A
6wo3,H,L,E
6wo4,H,L,E
6wo5,C,D,F
6woq,C,D,F
6woz,E,F,D
6wps,F,G,E
6wpt,H,L,C
6wqo,B,C,A
6wtu,H,I,G
6wtv,H,I,G
6wty,H,I,G
6wvz,H,L,M
6ww2,H,L,R
6ww5,E,F,A
6wwc,D,H,F
6wx2,H,L,F
6wzj,C,D,F
6wzk,A,B,E
6wzl,C,D,F
6wzm,C,D,F
6wzt,H,L,A
6x1s,E,F,G
6x1t,H,L,M
6x1u,A,B,C
6x1v,H,L,D
6x1w,H,L,A
6x3s,K,L,D
6x3t,J,I,B
6x3u,J,I,B
6x3v,J,I,B
6x3w,J,I,B
6x3x,J,I,B
6x3z,J,I,B
6x40,J,I,B
6x4t,D,F,A
6x58,C,D,F
6x5b,I,F,D
6x78,H,L,G
6x7w,A,C,D
6x87,E,F,X
6x8p,H,L,P
6x8q,H,L,P
6x8s,H,L,P
6x8u,H,L,P
6x96,J,K,G
6x97,J,K,G
6x98,F,E,C
6xc2,X,Y,Z
6xc3,H,L,C
6xc4,H,L,A
6xc7,C,D,A
6xcj,H,L,G
6xcm,H,L,C
6xcn,H,L,C
6xdg,B,D,E
6xe1,H,L,E
6xey,F,G,B
6xkp,M,N,B
6xkq,H,L,A
6xkr,H,L,P
6xli,A,B,E
6xlq,E,F,D
6xm2,D,C,J
6xmi,E,D,F
6xob,S,T,K
6xox,E,e,A
6xpq,B,C,A
6xpr,B,C,A
6xpx,B,C,A
6xpy,B,C,A
6xpz,B,C,A
6xq0,B,C,A
6xq2,F,E,D
6xq4,C,B,A
6xqw,H,L,E
6xr0,H,L,M
6xsn,H,L,C
6xsw,A,B,C
6xxv,A,B,C
6xy2,H,L,A
6xzw,H,L,D
6y6c,C,c,B
6y90,C,D,B
6y92,C,D,B
6y9b,J,N,B
6yax,I,M,B
6ye3,D,E,F
6yio,H,L,B
6yla,H,L,E
6ym0,H,L,E
6yor,B,C,A
6ywc,A,B,C
6ywd,A,B,C
6yx9,H,L,A
6yxd,H,L,A
6yxf,H,h,A
6yxg,H,h,A
6yxk,A,B,C
6yxm,H,L,B
6yye,D,d,B
6z06,H,L,A
6z2l,C,B,A
6z2m,B,C,A
6zcz,H,L,E
6zdg,B,C,A
6zdh,H,L,A
6zer,F,G,D
6zfo,B,C,A
6zh9,H,L,E
6zjg,H,L,C
6zlr,B,C,A
6ztr,H,L,I
6zvf,H,L,P
7a0w,E,F,B
7a0x,C,D,A
7a0y,C,D,A
7a3n,H,L,A
7a3o,H,L,A
7a3p,H,L,A
7a3q,H,L,A
7a3t,H,L,A
7a3u,H,L,A
7a5r,I,M,B
7a5s,H,L,A
7a65,C,B,A
7a69,C,B,A
7a6c,C,B,A
7a6e,C,B,A
7a6f,C,B,A
7ahv,A,B,H
7akd,H,L,B
7akj,G,F,C
7amp,H,L,B
7amq,H,L,B
7amr,H,L,B
7ams,H,L,B
7b09,H,L,A
7b0b,H,L,F
7b3o,H,L,E
7bbj,M,N,B
7beh,H,L,E
7bei,H,L,E
7bej,H,L,E
7bek,H,L,E
7bel,C,D,X
7bem,H,L,E
7ben,G,I,C
7beo,H,L,R
7bep,D,F,C
7bnv,H,L,A
7bpk,H,L,B
7bq5,H,L,A
7bsc,H,L,A
7bsd,H,L,I
7bu8,H,L,A
7bua,H,L,A
7bub,G,I,B
7bud,G,I,B
7bue,J,K,C
7buf,G,I,B
7bwj,H,L,E
7bxa,H,L,P
7bxv,H,L,A
7byr,H,L,B
7bz5,H,L,A
7c01,H,L,A
7c2l,J,N,C
7c2s,G,H,B
7c2t,K,L,B
7c4s,J,K,B
7c61,H,L,A
7c6a,H,L,A
7c88,A,B,C
7c94,B,A,C
7cah,E,D,A
7cai,E,D,A
7cak,I,H,C
7cbp,R,S,N
7cdi,H,L,E
7cdj,H,L,E
7ce2,Z,B,A
7ceb,C,D,B
7cec,H,I,B
7cgw,A,B,C
7ch4,H,L,R
7ch5,H,L,R
7chb,H,L,R
7chc,H,L,R
7che,H,L,R
7chf,A,B,R
7chh,J,K,C
7cho,H,L,E
7chp,H,L,E
7chs,H,L,E
7chy,H,L,I
7chz,H,L,I
7cj2,C,D,A
7cjf,A,B,C
7cm4,H,L,A
7cn2,G,g,E
7coe,H,L,A
7cqc,H,L,A
7cqd,I,M,B
7cr5,H,L,A
7cth,I,M,B
7ctu,D,E,F
7cu4,D,E,F
7cu5,A,a,Q
7cvs,C,D,A
7cvt,E,F,B
7cvy,N,O,L
7cwl,I,K,C
7cwm,H,L,A
7cwn,K,I,B
7cwo,H,L,A
7cws,P,M,R
7cwt,I,J,C
7cwu,N,G,B
7cyh,E,D,A
7cyp,E,D,A
7cyv,H,h,B
7czp,J,N,C
7czq,J,N,C
7czr,H,K,A
7czs,I,M,B
7czt,I,M,C
7czu,H,K,A
7czv,H,K,A
7czw,H,L,A
7czx,I,M,B
7czy,H,K,A
7czz,J,N,C
7d00,J,N,C
7d03,H,L,A
7d0b,H,L,A
7d0c,G,F,C
7d0d,H,L,A
7d3k,H,L,2
7d3l,H,L,2
7d4g,N,G,B
7d5z,D,C,A
7d6i,B,C,A
7d85,E,F,D
7daa,H,L,A
7dc8,B,A,C
7dcc,A,F,K
7dcx,B,G,D
7dd2,A,B,C
7deo,A,a,B
7det,D,d,C
7deu,B,b,A
7df1,F,J,C
7dfp,C,B,A
7dha,C,B,A
7djz,A,B,C
7dk0,A,B,C
7dk2,D,E,F
7dk4,a,b,A
7dk5,a,b,A
7dk6,a,b,A
7dk7,e,f,C
7dkj,C,D,A
7dm1,F,E,B
7dm2,H,L,A
7doh,H,L,I
7dpm,A,B,C
7dq7,H,L,B
7dr4,H,L,K
7duo,H,L,B
7dw9,S,s,A
7dwt,H,L,A
7dwu,H,L,A
7dx4,H,L,E
7dzx,H,L,C
7dzy,O,P,A
7e23,B,C,A
7e39,C,B,A
7e3b,B,C,A
7e3c,B,C,A
7e3k,F,G,B
7e3l,F,G,B
7e3o,H,L,R
7e5o,H,L,A
7e5r,L,H,A
7e5s,U,Q,B
7e5y,H,L,R
7e6p,H,L,A
7e72,A,B,E
7e7e,C,D,B
7e7x,H,L,A
7e7y,C,D,E
7e86,A,B,C
7e88,J,K,L
7e8c,M,J,A
7e8f,C,B,R
7e8m,H,L,E
7e9b,H,L,C
7e9n,H,L,A
7e9o,H,L,A
7e9p,H,L,B
7e9q,H,L,A
7eam,H,L,A
7ean,H,L,A
7eh5,H,L,A
7ej4,J,N,C
7ej5,J,N,C
7ejy,H,L,R
7ejz,H,L,R
7ek0,H,L,R
7ekb,H,L,P
7ekk,H,L,P
7elx,H,L,C
7enf,P,O,B
7eng,H,L,B
7eo0,H,L,3
7epu,A,a,B
7epx,H,L,A
7ew5,Q,R,b
7ey0,H,L,R
7ey5,B,C,A
7eya,H,L,R
7eyc,A,B,Q
7ezv,H,L,A
7f0x,B,b,A
7f12,B,b,A
7f15,B,b,A
7f3q,C,B,A
7f62,H,L,A
7f63,H,L,A
7f6y,H,L,R
7f6z,H,L,R
7f7e,C,L,E
7f7h,A,B,E
7f9w,B,C,A
7f9z,E,e,A
7fae,H,L,A
7faf,g,f,B
7fah,C,D,B
7fbi,H,L,A
7fci,H,L,A
7fcp,H,L,A
7fcq,H,L,A
7fgj,H,L,C
7fgl,H,L,C
7fgr,H,L,C
7fjc,H,L,E
7fjn,H,L,B
7fjo,H,L,A
7fjs,C,A,B
7jgj,H,L,A
7jhg,H,L,A
7jhh,H,L,A
7jie,C,D,B
7jix,H,L,A
7jks,H,L,G
7jkt,H,L,G
7jmo,H,L,A
7jmp,H,L,A
7jmw,H,L,A
7jn5,H,L,F
7joo,H,L,C
7jr7,E,F,B
7jtf,A,B,E
7jtg,A,B,E
7jti,H,L,A
7jtr,H,h,G
7jum,I,i,B
7jv2,H,L,A
7jv4,F,G,C
7jv6,F,G,E
7jva,H,L,A
7jvc,H,L,A
7jw0,G,F,E
7jwg,A,B,E
7jwp,K,L,V
7jwq,A,B,V
7jx3,C,D,R
7k43,C,D,B
7k45,H,L,B
7k4n,C,D,B
7k66,B,C,A
7k75,A,B,E
7k76,H,L,P
7k7i,H,L,A
7k7r,E,D,F
7k8m,A,B,E
7k8s,H,L,A
7k8t,O,P,A
7k8v,M,N,C
7k8w,N,S,G
7k8x,E,G,A
7k8z,M,N,C
7k90,M,N,A
7k93,K,k,D
7k9h,I,M,C
7k9i,H,L,A
7k9j,H,L,A
7k9k,H,L,A
7k9z,H,L,E
7kbb,H,L,D
7kbt,E,F,A
7kd6,O,P,Q
7kdd,D,E,A
7kde,Q,R,C
7kej,I,L,C
7ket,A,B,C
7kew,G,J,A
7kex,G,J,A
7kez,H,L,V
7kf0,A,B,C
7kf1,D,E,F
7kf9,G,J,A
7kfb,I,L,C
7kfe,G,I,B
7kfh,G,J,A
7kfv,F,G,E
7kfw,C,D,B
7kfx,H,L,A
7kfy,H,L,A
7kgv,C,E,B
7kh0,S,s,A
7ki4,G,F,E
7ki6,H,L,A
7klc,H,L,A
7klg,I,M,B
7klh,H,L,A
7kmd,H,L,G
7kmg,A,B,C
7kmh,A,B,C
7kmi,A,B,C
7kmk,H,L,A
7kml,J,N,C
7kn3,M,N,B
7kn4,M,N,B
7kn6,H,L,A
7kn7,H,L,A
7kpg,H,L,S
7kpj,A,B,E
7kq7,H,L,B
7kqb,K,J,C
7kqe,J,M,C
7kqg,B,C,A
7kqh,H,L,B
7kqi,A,C,B
7kqk,H,L,P
7kql,H,L,T
7kra,I,J,A
7ks9,H,L,B
7ktx,I,J,A
7kxj,H,L,A
7kxk,H,L,A
7kyl,X,Y,Z
7kyo,H,L,B
7kzb,A,B,C
7kzx,D,C,B
7kzz,D,C,A
7l02,M,K,A
7l06,G,E,B
7l09,M,K,A
7l0n,M,N,S
7l2c,H,L,A
7l2d,H,L,A
7l2e,H,L,A
7l2f,H,L,A
7l56,J,K,B
7l57,H,L,B
7l58,H,L,B
7l5b,H,L,A
7l5j,Y,X,A
7l7d,H,L,E
7l7e,T,U,b
7l7r,B,A,G
7l8p,E,F,C
7la4,H,L,A
7laa,H,L,A
7lab,Y,X,B
7lbe,H,G,A
7lbf,F,E,A
7lbg,F,E,A
7lcn,B,D,A
7lcv,A,B,C
7ld1,M,N,C
7ldd,K,J,D
7lde,K,J,D
7lex,R,P,J
7ley,D,E,A
7lez,R,P,N
7lf0,F,H,C
7lf1,F,H,C
7lf2,G,I,C
7lf7,H,L,K
7lf8,H,L,A
7lfa,H,L,C
7lfb,H,L,X
7lfd,H,L,A
7lg6,H,L,A
7li6,B,C,A
7li7,B,C,A
7li8,B,C,A
7li9,B,C,A
7lia,B,C,A
7lj4,G,F,B
7lj5,E,D,A
7lja,G,F,B
7ljb,E,D,A
7ljr,S,T,A
7lk4,F,E,P
7lkb,B,C,D
7lkf,H,L,A
7lkg,D,E,F
7lkh,H,L,A
7lki,D,E,F
7ll1,H,L,A
7ll2,I,J,C
7llk,G,H,E
7lm8,H,L,A
7lm9,H,L,A
7lo6,L,K,A
7lo7,H,L,Z
7lo8,H,L,Z
7lok,K,J,A
7lop,W,V,Z
7lq7,H,L,A
7lqv,H,L,A
7lqw,H,L,C
7lr3,A,B,C
7lr4,A,B,C
7lrs,D,E,C
7lrt,F,G,B
7ls9,H,L,A
7lse,H,L,E
7lsf,H,L,E
7lsg,H,L,C
7lss,H,L,B
7lu9,l,k,f
7luc,F,G,A
7lue,J,N,C
7lwd,H,L,A
7lx2,N,M,B
7lx3,H,L,A
7lxm,H,L,A
7lxn,I,M,C
7lxw,H,L,A
7lxx,H,L,A
7lxy,M,K,J
7lxz,H,J,A
7ly0,H,L,A
7ly2,N,O,J
7ly3,F,E,B
7ly9,B,C,G
7m2h,A,B,C
7m2i,A,B,C
7m2j,A,B,C
7m30,H,L,B
7m3i,H,L,R
7m3n,H,L,A
7m42,D,C,E
7m51,H,L,A
7m52,H,L,A
7m53,H,L,A
7m55,H,L,A
7m6d,A,B,C
7m6e,D,C,E
7m6f,H,L,A
7m6g,H,L,C
7m6h,E,G,A
7m6i,M,N,A
7m74,H,L,A
7m7b,H,L,A
7m7f,C,D,A
7m7g,E,F,A
7m7h,E,F,B
7m7i,E,F,B
7m7j,C,D,A
7m7w,C,D,S
7m8j,H,L,A
7m8l,N,Q,E
7mdj,A,B,C
7mdp,H,I,A
7mdt,H,L,A
7mdu,H,L,A
7mem,H,L,E
7mep,I,G,E
7mf1,H,L,A
7mfr,B,A,P
7mgw,B,C,A
7mhr,A,B,C
7mhx,A,B,C
7mhy,O,P,A
7mhz,O,P,A
7mjj,F,G,B
7mjk,H,I,C
7mjl,H,L,A
7mjs,H,L,X
7mjt,A,B,C
7mk6,A,B,C
7mkl,H,L,A
7mkm,H,L,A
7mlh,C,A,F
7mlu,N,O,D
7mlv,L,M,A
7mly,H,I,C
7mlz,H,L,A
7mm0,H,L,A
7mmn,D,E,B
7mmo,A,B,C
7mn8,D,C,B
7mnl,K,M,B
7mnm,K,M,B
7mnn,K,M,B
7mno,H,L,A
7mrz,X,Y,C
7msq,D,E,B
7mta,H,L,G
7mtb,H,L,G
7mub,A,B,C
7mw2,F,G,B
7mw3,H,L,C
7mw4,F,G,B
7mw5,F,G,B
7mw6,D,E,A
7mww,H,L,E
7mwx,A,B,C
7mxd,J,K,F
7mxe,R,W,J
7mxl,J,K,C
7mxp,H,L,C
7myz,I,M,D
7mzf,H,L,A
7mzg,H,L,A
7mzh,B,C,A
7mzi,H,L,A
7mzj,F,E,A
7mzk,H,L,A
7mzl,H,L,A
7mzm,H,L,A
7mzn,H,L,A
7n05,H,L,E
7n08,H,L,F
7n0a,B,A,C
7n0u,H,L,C
7n0v,H,L,C
7n0x,H,L,G
7n28,S,U,G
7n3c,H,L,C
7n3d,H,L,C
7n3i,H,L,C
7n4i,H,L,C
7n4j,H,L,A
7n4l,H,L,A
7n4m,H,L,A
7n5h,E,F,B
7n62,H,L,A
7n65,C,D,A
7n8h,E,D,A
7n8i,H,L,A
7n8q,C,D,A
7nab,A,B,D
7ncs,H,L,A
7nd0,H,L,A
7nd3,H,L,B
7nd4,H,L,C
7nd5,H,L,B
7nd6,H,L,B
7nd7,H,L,A
7nd8,H,L,B
7nd9,H,L,B
7ndb,H,L,B
7ndc,H,L,B
7ndd,F,G,A
7neg,H,L,E
7neh,H,L,E
7neq,F,E,A
7nez,D,C,B
7nfd,D,C,B
7niu,E,D,A
7niv,C,B,A
7niw,C,B,A
7njz,H,L,C
7nks,C,D,B
7np1,I,M,B
7nrh,H,L,A
7ntc,H,L,C
7nw3,H,L,A
7nwl,D,E,B
7nx3,E,D,A
7nx6,H,L,E
7nx7,H,L,E
7nx8,H,L,E
7nx9,A,B,E
7nxa,A,B,E
7nxb,A,B,E
7ny5,C,D,E
7o2z,H,L,P
7o30,B,A,Q
7o31,H,L,P
7o33,H,L,P
7o52,H,L,U
7o9s,H,L,A
7o9w,C,B,A
7oh0,C,B,A
7oh1,E,D,A
7oly,H,L,C
7or9,A,B,E
7ora,H,L,C
7orb,E,F,X
7ow1,H,K,A
7ox1,H,L,X
7ox2,A,L,T
7ox3,A,B,C
7ox4,A,B,C
7oxn,H,K,A
7p40,F,B,A
7pa6,K,k,A
7pa8,Y,F,E
7pa9,K,L,D
7paa,A,a,F
7pc2,G,H,C
7pg8,I,G,K
7pgb,R,S,T
7phg,H,L,A
7phu,B,C,A
7phv,B,C,A
7phw,E,F,D
7pi2,H,I,G
7pi3,T,U,O
7pi7,E,F,D
7pnm,I,E,C
7pnq,D,F,B
7po5,H,L,A
7pqy,H,L,E
7pqz,A,B,E
7pr0,C,B,A
7pry,C,D,I
7prz,H,L,E
7ps0,H,L,E
7ps1,A,B,E
7ps2,H,L,G
7ps4,B,C,A
7ps5,H,L,E
7ps6,H,L,E
7ps7,A,B,E
7q0a,Y,Z,B
7q0g,H,L,E
7q0h,A,B,E
7q0i,H,L,C
7q4q,B,A,E
7q6c,H,L,A
7q6e,H,L,A
7q9f,J,K,C
7q9g,H,L,A
7q9i,E,F,B
7q9j,E,F,B
7q9k,H,L,C
7q9m,E,F,B
7q9p,E,F,B
7qez,E,F,A
7qf0,H,L,A
7qf1,C,B,A
7qnw,H,L,E
7qnx,A,B,E
7qny,H,L,E
7qti,I,J,D
7qtj,F,E,A
7qtk,B,C,D
7qu1,A,B,C
7qu2,A,B,C
7r40,D,F,B
7r58,H,L,A
7r6w,A,B,R
7r6x,A,B,R
7r7n,H,L,E
7r8l,C,D,E
7r8m,H,L,B
7r8n,M,N,E
7r8o,M,N,E
7ra3,E,e,A
7ra8,C,D,B
7rah,B,A,E
7rai,I,M,C
7raj,H,L,A
7ral,H,L,B
7raq,H,L,P
7rbt,E,e,A
7rbu,H,L,B
7rbv,h,l,A
7rco,F,E,A
7rcs,A,B,D
7rd3,H,L,D
7rd4,A,B,I
7rd5,B,A,F
7rd9,H,L,C
7rda,H,L,C
7rdw,G,I,N
7rew,A,B,G
7rfb,A,B,C
7rfc,A,B,C
7rfp,H,L,A
7rgp,E,e,A
7rk1,D,d,B
7rk2,C,c,B
7rks,H,L,R
7rkv,D,H,B
7rlv,E,F,Q
7rlw,C,D,R
7rlx,A,B,P
7rly,C,D,P
7rlz,D,C,R
7rm0,A,B,P
7rm1,C,D,P
7rm3,C,D,P
7rnj,H,L,B
7rp0,A,B,C
7rp2,H,I,A
7rp3,H,I,A
7rpu,A,B,P
7rq6,J,K,C
7rqq,H,L,P
7rqr,A,B,C
7rr0,B,C,A
7rsn,H,L,A
7rso,I,K,D
7rt9,C,D,Z
7rta,H,L,N
7ru3,E,F,B
7ru4,H,L,A
7ru5,H,L,A
7ru8,H,L,C
7rw2,G,J,B
7rxc,H,L,B
7rxd,H,L,B
7rxi,H,L,A
7rxj,A,B,G
7rxl,H,L,E
7rxp,H,L,A
7s07,H,L,A
7s0b,C,D,E
7s0c,H,L,A
7s0d,H,L,C
7s0e,H,L,A
7s0x,C,D,F
7s11,K,O,F
7s13,I,M,C
7s1b,H,L,A
7s3m,H,L,A
7s3n,H,L,A
7s4g,H,L,J
7s4s,H,L,A
7s5p,H,L,A
7s5q,B,C,A
7s5r,B,C,A
7s6c,E,G,A
7s6d,D,F,B
7s6j,C,D,B
7s6k,F,G,E
7s6l,H,L,A
7s7i,U,V,D
7s8h,H,L,a
7sa6,H,L,A
7sbd,H,L,C
7sbg,H,L,C
7sbu,H,L,A
7sbz,H,L,C
7sc1,P,Q,C
7sd3,I,M,D
7sd5,H,L,A
7seg,H,L,C
7sem,B,C,F
7sfv,M,N,B
7sfw,Q,R,H
7sfx,C,D,F
7sg4,H,L,A
7sg5,H,L,A
7sg6,H,L,A
7sht,H,L,B
7shu,E,F,B
7shy,C,D,A
7shz,E,F,B
7si0,I,J,G
7si2,G,F,C
7sj0,B,L,A
7sjn,H,L,A
7sjo,I,J,B
7sjp,H,L,E
7sjs,H,L,C
7sk3,D,C,B
7sk4,F,E,A
7sk5,F,E,A
7sk6,F,E,A
7sk8,D,C,B
7sk9,F,E,A
7skz,H,L,A
7sl5,D,E,F
7sn2,H,L,A
7sn3,F,G,B
7so5,H,L,A
7so7,H,L,A
7so9,H,G,F
7soa,H,L,A
7sob,G,I,A
7soc,H,L,A
7sod,H,L,A
7soe,E,D,C
7sof,H,L,A
7sq1,H,L,E
7sqw,A,B,C
7srs,Q,P,R
7ssc,H,L,P
7st8,H,L,S
7str,H,L,C
7sts,A,B,D
7stz,H,L,C
7su0,I,M,D
7su1,H,L,C
7sue,F,E,J
7swd,I,i,B
7swn,H,L,A
7swo,H,L,A
7swp,H,L,A
7sww,H,L,A
7swx,H,L,A
7sx6,H,L,G
7syy,H,L,A
7syz,H,L,A
7t01,H,L,A
7t0r,H,L,A
7t17,J,K,C
7t25,H,L,E
7t3d,O,Q,G
7t3m,I,K,C
7t4g,G,I,C
7t4q,J,K,A
7t4r,P,Q,K
7t4s,J,K,A
7t5o,H,L,C
7t72,H,L,A
7t74,K,G,D
7t7b,H,L,A
7t82,D,C,A
7t86,H,L,I
7t8w,H,L,D
7t92,H,L,B
7t9a,M,N,B
7t9b,O,P,D
7t9m,H,L,R
7t9n,H,L,R
7tas,H,L,E
7tat,D,E,B
7tb8,J,K,C
7tbf,H,L,A
7tc9,H,L,B
7tca,H,L,B
7tcc,D,E,A
7tcq,A,B,D
7tct,H,L,A
7td8,E,F,C
7tdm,H,L,B
7tdn,H,L,B
7te1,H,L,D
7te9,M,N,B
7teb,H,L,D
7tee,H,L,D
7tfn,I,J,B
7tfo,H,L,A
7the,B,C,A
7tho,E,F,C
7tht,H,L,C
7tjq,A,B,C
7tl0,D,E,A
7tly,A,B,I
7tlz,B,A,J
7tm0,E,D,C
7tmz,H,L,A
7tn0,M,N,S
7tn9,I,J,U
7tow,H,L,E
7tp3,H,L,Z
7tp4,H,L,Z
7tpd,E,F,C
7tpg,H,L,B
7tpj,H,L,B
7ttm,H,L,A
7ttx,H,L,A
7tty,H,L,A
7tuf,A,B,C
7tug,H,L,D
7tuy,H,L,R
7txz,E,F,A
7ty0,K,O,C
7tz5,J,M,B
7tzg,A,a,D
7tzh,C,c,D
7u09,H,L,A
7u0a,H,L,A
7u0d,O,P,B
7u0e,A,B,D
7u0p,D,I,B
7u2d,H,L,A
7u2e,H,L,A
7u5b,A,B,J
7u60,H,L,A
7u8c,H,L,2
7u8g,D,E,A
7u8m,H,L,B
7u9f,E,F,C
7u9g,I,F,A
7u9o,H,L,A
7u9p,H,L,A
7u9v,E,F,C
7uap,M,N,B
7uaq,H,L,A
7uar,F,G,C
7ubr,E,F,C
7ucf,H,L,G
7ucg,Q,R,P
7ucx,H,L,B
7ucy,H,L,A
7udg,E,F,C
7udh,E,F,C
7ue0,H,L,A
7ue9,H,L,C
7ufh,H,L,A
7ugn,H,K,B
7ugo,O,R,C
7ugp,M,P,A
7ugq,I,L,C
7uh8,E,F,C
7uhz,H,L,A
7ui0,H,L,A
7uje,E,F,C
7ujk,H,L,A
7uk9,E,F,C
7uko,E,F,C
7ukp,E,F,C
7ukt,E,F,C
7ul7,H,L,a
7um3,H,L,A
7umm,I,M,B
7unb,H,L,R
7uot,O,P,a
7uov,H,L,A
7upl,F,I,A
7upw,H,L,C
7upx,H,L,A
7upy,H,L,B
7ur4,I,J,A
7ura,H,L,A
7urc,H,L,A
7urd,H,L,A
7ure,H,L,A
7urf,O,P,A
7urq,H,L,A
7urs,H,L,A
7usl,H,L,C
7uvf,H,L,A
7uym,H,L,P
7uz4,P,Q,C
7uz5,H,L,A
7uz6,H,L,A
7uz7,M,N,B
7uz8,P,Q,C
7uz9,M,N,B
7uzb,H,L,A
7uzc,H,L,A
7uzd,H,L,A
7v05,M,m,X
7v23,S,T,C
7v24,H,L,A
7v26,e,f,E
7v27,B,A,C
7v2a,G,F,B
7v3h,K,L,B
7v3l,H,I,C
7v4w,B,A,C
7v5j,E,D,A
7v5k,E,D,A
7v61,I,M,D
7v64,B,A,C
7v6n,I,H,C
7v6o,E,D,A
7v7k,B,A,C
7v8q,B,A,G
7vac,F,E,I
7vad,H,L,A
7vae,H,L,A
7vaf,H,L,A
7vag,H,L,A
7vaz,H,F,I
7vgr,D,C,A
7vgs,D,C,A
7vmu,A,a,B
7vn9,A,B,C
7vng,H,L,D
7vtj,H,L,C
7vux,H,L,A
7vyr,H,L,R
7vyt,B,C,A
7w71,I,M,B
7w9e,D,E,C
7w9f,A,B,E
7wb5,H,L,R
7wbh,U,V,A
7wbz,H,L,A
7wcd,E,F,H
7wch,M,N,G
7wck,A,B,R
7wcp,H,L,A
7wcr,a,b,A
7wcu,A,B,R
7wcz,a,b,A
7wd0,c,d,B
7wd7,a,b,A
7wd9,E,F,B
7wdf,D,E,C
7we7,H,L,D
7we9,H,J,A
7wea,G,I,B
7web,G,I,D
7wec,I,K,C
7wed,H,L,E
7wee,H,L,E
7wef,C,L,E
7wg3,H,D,L
7wgd,H,L,A
7wgt,H,L,A
7wh8,B,A,C
7whb,J,K,B
7whd,J,K,B
7whz,B,D,A
7wi0,B,D,A
7wjy,E,F,D
7wjz,E,O,J
7wk0,D,E,F
7wk9,a,b,B
7wka,c,d,C
7wkx,A,C,F
7wlc,H,L,E
7wlw,H,L,A
7wly,P,O,B
7wm0,H,L,B
7wn8,H,L,A
7wo4,D,E,B
7wo5,H,I,C
7wo7,A,B,C
7woa,F,G,C
7wob,D,B,A
7woc,A,B,C
7wog,A,B,C
7won,H,L,F
7wop,B,b,A
7woq,D,d,B
7wor,F,f,C
7wos,F,f,C
7wou,F,f,C
7wov,H,h,C
7wow,G,g,B
7wp0,H,L,F
7wp1,H,L,F
7wp2,H,L,F
7wp5,H,L,F
7wpd,X,Y,A
7wpe,X,Y,B
7wpf,U,V,C
7wph,E,D,A
7wqv,N,n,M
7wr8,A,B,R
7wr9,A,B,F
7wrj,A,B,R
7wrl,A,B,R
7wro,H,L,R
7wrv,U,V,C
7wry,H,L,R
7wrz,H,L,R
7ws0,G,F,B
7ws1,E,D,A
7ws2,E,D,A
7ws3,I,H,C
7ws5,I,H,C
7ws6,I,H,C
7ws7,G,F,B
7wsi,H,L,A
7wsl,H,L,D
7wtf,H,L,B
7wtg,H,L,E
7wth,H,L,E
7wti,H,L,A
7wtj,H,L,E
7wtk,G,J,B
7wue,C,D,A
7wuh,D,F,C
7wur,G,H,B
7wvf,C,c,A
7wvl,H,L,F
7wvm,A,B,E
7wwl,J,N,A
7wwm,I,M,B
7x08,H,L,A
7x1m,A,B,M
7x25,A,C,G
7x26,H,K,I
7x28,H,K,G
7x29,F,G,C
7x2a,H,K,A
7x2g,H,L,B
7x2i,H,L,B
7x2k,H,L,E
7x2o,H,L,B
7x37,H,L,B
7x3c,F,E,B
7x46,H,L,B
7x47,H,L,B
7x6a,G,J,D
7x7o,H,L,B
7x7t,A,B,G
7x7u,C,D,G
7x7v,H,L,E
7x8p,F,E,D
7x8q,C,B,A
7x8t,I,H,G
7x8w,H,L,A
7x8y,H,L,A
7x8z,H,L,A
7x90,E,F,G
7x91,H,L,A
7x92,H,L,A
7x9e,A,B,E
7xck,A,B,M
7xcp,H,L,B
7xh8,B,C,A
7xic,K,L,B
7xmx,K,L,B
7xmz,H,L,C
7xnf,H,L,A
7xod,X,Y,A
7xst,F,G,A
7xsw,A,B,C
7xw6,Y,L,R
7xw7,A,B,R
7xxl,A,C,B
7xy8,H,L,A
7y0c,M,N,E
7y0v,H,L,R
7y0w,H,L,R
7y3j,H,L,A
7yad,C,D,E
7yar,K,L,B
7yck,E,F,B
7ycl,H,L,D
7ycn,H,I,G
7ydi,H,L,E
7ye9,N,O,B
7yeg,H,L,A
7yhk,F,H,A
7ykj,A,D,C
7yms,F,E,A
7yqx,I,G,A
7yqy,I,G,A
7yqz,I,G,A
7yr0,C,B,A
7yr1,D,F,B
7yrf,F,E,C
7yrh,F,E,A
7yue,A,a,C
7yv7,F,E,A
7yxu,H,L,A
7yzj,H,L,E
7z0x,H,L,R
7z0y,H,L,R
7z12,B,C,A
7z2m,B,A,K
7z3a,H,L,D
7z4t,H,L,I
7zbu,H,L,A
7zce,F,f,B
7zcf,E,e,C
7zf3,A,B,E
7zf4,H,L,E
